{
  "feature_names": [
    "clinic_sbp",
    "clinic_dbp",
    "morning_home_sbp",
    "morning_home_dbp",
    "evening_home_sbp",
    "evening_home_dbp",
    "home_3day_mean_sbp",
    "home_3day_mean_dbp",
    "home_7day_mean_sbp",
    "home_7day_mean_dbp",
    "home_bp_variability",
    "age",
    "sex_female",
    "bmi",
    "resting_hr",
    "diabetes",
    "smoker",
    "previous_hypertension",
    "medication_status",
    "sleep_duration",
    "sleep_quality_ord",
    "caffeine_cups",
    "alcohol_units",
    "stress_level"
  ],
  "target_names": [
    "abnormal_dipping",
    "morning_surge_high",
    "nocturnal_hypertension",
    "high_bp_burden",
    "high_variability"
  ],
  "regression_target_names": [
    "dipping_percentage",
    "morning_surge_mmhg",
    "sleep_mean_sbp",
    "bp_burden_score",
    "variability_score"
  ],
  "feature_mean": [
    119.70041852973537,
    74.25868681698634,
    112.49245187613913,
    64.63142744470802,
    116.1705279504437,
    72.5032739255876,
    114.30735097077684,
    68.60542592698974,
    114.20297951899254,
    68.59921638082622,
    8.072834344480835,
    40.27692989299623,
    0.5232198142414861,
    25.703836971557433,
    70.38440658076233,
    0.1978643216080402,
    0.17978921264724115,
    0.17745952677459526,
    0.21521335807050093,
    6.931172633646088,
    2.516368128474367,
    2.746265910795771,
    0.5597394819306825,
    2.502772643253235
  ],
  "feature_std": [
    12.570863409157988,
    7.898854187904166,
    11.5186581955356,
    8.014903893101664,
    11.03104155009596,
    6.992895705008178,
    10.41181990748373,
    6.670963208018775,
    10.280727410385857,
    6.591537347280976,
    3.057984452518204,
    16.6788309982175,
    0.4994605492194372,
    5.862311659961353,
    7.91112879945218,
    0.3983892968474866,
    0.384011785838562,
    0.3820571202471351,
    0.4109702770012933,
    0.7534763368699188,
    0.6567538813375209,
    2.0232807768901857,
    0.7405548754893397,
    0.8983237361202246
  ],
  "reg_mean": [
    13.028207778930664,
    10.473154067993164,
    102.05160522460938,
    4.311573505401611,
    11.918670654296875
  ],
  "reg_std": [
    7.179109573364258,
    10.097734451293945,
    12.82087516784668,
    7.7586989402771,
    1.913176417350769
  ],
  "sequence_mean": [
    113.3015365600586,
    68.76055908203125,
    68.72053527832031,
    0.706386923789978,
    -7.761021859897799e-12,
    0.020829206332564354,
    1.0
  ],
  "sequence_std": [
    15.114033699035645,
    11.314996719360352,
    11.752973556518555,
    0.43634846806526184,
    0.6997053623199463,
    0.7141588926315308,
    1.0
  ],
  "train_patient_ids": [
    "001",
    "004",
    "005",
    "006",
    "008",
    "009",
    "010",
    "013",
    "014",
    "015",
    "017",
    "019",
    "020",
    "022",
    "023",
    "025",
    "026",
    "027",
    "028",
    "029",
    "030"
  ],
  "test_patient_ids": [
    "002",
    "003",
    "007",
    "011",
    "012",
    "016",
    "018",
    "021",
    "024"
  ]
}