target,mae
dipping_percentage,5.987987344519226
morning_surge_mmhg,7.780822416620278
sleep_mean_sbp,7.001500222248416
bp_burden_score,3.8740485717088253
variability_score,2.280489143158733
